{
  "model": "lgb",
  "roc_auc": 0.7080991993186986,
  "avg_precision": 0.6221340805318424,
  "best_threshold": 0.6163409105588027,
  "best_f1": 0.538978494623156,
  "precision_at_best": 0.5493150684931507,
  "recall_at_best": 0.5290237467018469,
  "brier_score": 0.21901036305540283,
  "tp": 401,
  "fp": 329,
  "fn": 357,
  "tn": 1406,
  "total_warnings": 730,
  "true_spike_rate": 0.5493150684931507,
  "spikes_caught": 0.5290237467018469,
  "classification_report": {
    "0": {
      "precision": 0.7975042541123085,
      "recall": 0.8103746397694525,
      "f1-score": 0.8038879359634077,
      "support": 1735.0
    },
    "1": {
      "precision": 0.5493150684931507,
      "recall": 0.5290237467018469,
      "f1-score": 0.5389784946236559,
      "support": 758.0
    },
    "accuracy": 0.7248295226634577,
    "macro avg": {
      "precision": 0.6734096613027296,
      "recall": 0.6696991932356497,
      "f1-score": 0.6714332152935318,
      "support": 2493.0
    },
    "weighted avg": {
      "precision": 0.7220419987174744,
      "recall": 0.7248295226634577,
      "f1-score": 0.7233418643486736,
      "support": 2493.0
    }
  }
}