{
  "model": "lgb",
  "roc_auc": 0.9018351902609433,
  "avg_precision": 0.7400649293486955,
  "best_threshold": 0.6204843886741267,
  "best_f1": 0.6536063285243979,
  "precision_at_best": 0.7058291457286432,
  "recall_at_best": 0.608578856152513,
  "brier_score": 0.0960712619399905,
  "tp": 7023,
  "fp": 2927,
  "fn": 4517,
  "tn": 63425,
  "total_warnings": 9950,
  "true_spike_rate": 0.7058291457286432,
  "spikes_caught": 0.608578856152513,
  "classification_report": {
    "0": {
      "precision": 0.9335168231727061,
      "recall": 0.955886785628165,
      "f1-score": 0.944569377634146,
      "support": 66352.0
    },
    "1": {
      "precision": 0.7058291457286432,
      "recall": 0.608578856152513,
      "f1-score": 0.6536063285248953,
      "support": 11540.0
    },
    "accuracy": 0.9044317773327171,
    "macro avg": {
      "precision": 0.8196729844506747,
      "recall": 0.782232820890339,
      "f1-score": 0.7990878530795207,
      "support": 77892.0
    },
    "weighted avg": {
      "precision": 0.8997840162386886,
      "recall": 0.9044317773327171,
      "f1-score": 0.9014620805212107,
      "support": 77892.0
    }
  }
}