threshold,precision,recall,n_warnings_per_day
0.1,0.21469322769574858,0.9815424610051993,195.07256200893545
0.2,0.2796135718563654,0.9305025996533796,141.9922970266523
0.3,0.35755271840481995,0.8639514731369151,103.09906023725159
0.4,0.45566098663619653,0.7948006932409012,74.42551224772762
0.5,0.563745155368192,0.7184575389948007,54.37806193190572
0.6,0.6818181818181818,0.6252166377816292,39.12617470343553
0.7,0.7962317718415279,0.5346620450606586,28.651363426282547
0.8,0.8912402428447528,0.44523396880415944,21.31566784778925
