threshold,precision,recall,n_warnings_per_day
0.1,0.3278917910447761,0.9274406332453826,247.68231046931407
0.2,0.3451025056947608,0.7994722955145118,202.8592057761733
0.3,0.37484276729559746,0.7862796833773087,183.68231046931407
0.4,0.406480117820324,0.7282321899736148,156.8808664259928
0.5,0.43286071726438696,0.6846965699208444,138.51263537906138
0.6,0.45482866043613707,0.5778364116094987,111.24909747292419
0.7,0.0,0.0,0.0
0.8,0.0,0.0,0.0
