{
  "best_model": "lgb",
  "scores": {
    "lr": {
      "avg_precision": 0.7078636361015211,
      "roc_auc": 0.892729945307188
    },
    "rf": {
      "avg_precision": 0.7076217397789999,
      "roc_auc": 0.8869190782399337
    },
    "lgb": {
      "avg_precision": 0.7400649293486955,
      "roc_auc": 0.9018351902609433
    }
  },
  "pos_weight": 1.914144005472892,
  "n_train": 272624,
  "n_val": 38946,
  "n_test": 77892,
  "train_class_counts": {
    "0": 179072,
    "1": 93552
  },
  "val_class_counts": {
    "0": 28203,
    "1": 10743
  },
  "test_class_counts": {
    "0": 66352,
    "1": 11540
  }
}